{
    "house01": [
        {
            "scl": {
                "x": 1.0,
                "y": 1.0,
                "z": 1.0
            },
            "rot": {
                "x": 0.15639619529247285,
                "y": 57.799827575683597,
                "z": 359.7819519042969
            },
            "pos": {
                "x": -16.100000381469728,
                "y": 1.7000000476837159,
                "z": -13.899999618530274
            }
        }
    ],
    "house02": [],
    "house03": [],
    "house04": [
        {
            "scl": {
                "x": 1.0,
                "y": 1.0,
                "z": 1.0
            },
            "rot": {
                "x": 0.0,
                "y": 38.424503326416019,
                "z": 0.0
            },
            "pos": {
                "x": -18.5,
                "y": 1.5700000524520875,
                "z": 12.899999618530274
            }
        }
    ],
    "house05": [
        {
            "scl": {
                "x": 1.0,
                "y": 1.0,
                "z": 1.0
            },
            "rot": {
                "x": 0.0,
                "y": 309.3588562011719,
                "z": 0.0
            },
            "pos": {
                "x": 16.799999237060548,
                "y": 1.600000023841858,
                "z": 7.599999904632568
            }
        }
    ],
    "tree01": [
        {
            "scl": {
                "x": 1.0,
                "y": 1.0,
                "z": 1.0
            },
            "rot": {
                "x": 0.0,
                "y": 0.0,
                "z": 0.0
            },
            "pos": {
                "x": -22.820837020874025,
                "y": 0.5,
                "z": 28.43055534362793
            }
        },
        {
            "scl": {
                "x": 1.0,
                "y": 1.0,
                "z": 1.0
            },
            "rot": {
                "x": 0.0,
                "y": 0.0,
                "z": 0.0
            },
            "pos": {
                "x": 29.19970703125,
                "y": 0.5,
                "z": 1.3598371744155884
            }
        },
        {
            "scl": {
                "x": 1.0,
                "y": 1.0,
                "z": 1.0
            },
            "rot": {
                "x": 0.0,
                "y": 0.0,
                "z": 0.0
            },
            "pos": {
                "x": 17.399999618530275,
                "y": 0.5000009536743164,
                "z": 20.600000381469728
            }
        },
        {
            "scl": {
                "x": 1.0,
                "y": 1.0,
                "z": 1.0
            },
            "rot": {
                "x": 0.0,
                "y": 0.0,
                "z": 0.0
            },
            "pos": {
                "x": -17.218799591064454,
                "y": 0.5,
                "z": 24.543869018554689
            }
        },
        {
            "scl": {
                "x": 1.0,
                "y": 1.0,
                "z": 1.0
            },
            "rot": {
                "x": 0.0,
                "y": 0.0,
                "z": 0.0
            },
            "pos": {
                "x": 26.229999542236329,
                "y": 0.5,
                "z": 28.770000457763673
            }
        }
    ],
    "tree02": [
        {
            "scl": {
                "x": 1.0,
                "y": 1.0,
                "z": 1.0
            },
            "rot": {
                "x": 0.0,
                "y": 0.0,
                "z": 0.0
            },
            "pos": {
                "x": 26.860000610351564,
                "y": 0.4999980926513672,
                "z": 17.59000015258789
            }
        },
        {
            "scl": {
                "x": 1.0,
                "y": 1.0,
                "z": 1.0
            },
            "rot": {
                "x": 0.0,
                "y": 0.0,
                "z": 0.0
            },
            "pos": {
                "x": 12.672414779663086,
                "y": 0.5,
                "z": -6.152366638183594
            }
        },
        {
            "scl": {
                "x": 1.0,
                "y": 1.0,
                "z": 1.0
            },
            "rot": {
                "x": 0.0,
                "y": 0.0,
                "z": 0.0
            },
            "pos": {
                "x": -15.63936996459961,
                "y": 0.5000019073486328,
                "z": 3.4437408447265627
            }
        }
    ],
    "tree03": [
        {
            "scl": {
                "x": 1.0,
                "y": 1.0,
                "z": 1.0
            },
            "rot": {
                "x": 0.0,
                "y": 0.0,
                "z": 0.0
            },
            "pos": {
                "x": -29.600000381469728,
                "y": 0.5,
                "z": -27.700000762939454
            }
        },
        {
            "scl": {
                "x": 1.0,
                "y": 1.0,
                "z": 1.0
            },
            "rot": {
                "x": 0.0,
                "y": 0.0,
                "z": 0.0
            },
            "pos": {
                "x": 23.79778289794922,
                "y": 0.5,
                "z": -17.70404052734375
            }
        }
    ],
    "tree04": [
        {
            "scl": {
                "x": 1.0,
                "y": 1.0,
                "z": 1.0
            },
            "rot": {
                "x": 0.0,
                "y": 0.0,
                "z": 0.0
            },
            "pos": {
                "x": -12.079544067382813,
                "y": 0.5000019073486328,
                "z": -3.761199951171875
            }
        },
        {
            "scl": {
                "x": 1.0,
                "y": 1.0,
                "z": 1.0
            },
            "rot": {
                "x": 0.0,
                "y": 0.0,
                "z": 0.0
            },
            "pos": {
                "x": 14.25,
                "y": 0.5,
                "z": 14.5
            }
        }
    ],
    "tree05": [
        {
            "scl": {
                "x": 1.0,
                "y": 1.0,
                "z": 1.0
            },
            "rot": {
                "x": 0.0,
                "y": 0.0,
                "z": 0.0
            },
            "pos": {
                "x": -12.32052230834961,
                "y": 0.5,
                "z": 12.146533966064454
            }
        }
    ],
    "rock01": [
        {
            "scl": {
                "x": 1.0,
                "y": 1.0,
                "z": 1.0
            },
            "rot": {
                "x": 0.0,
                "y": 0.0,
                "z": 0.0
            },
            "pos": {
                "x": -25.06310272216797,
                "y": 1.2999999523162842,
                "z": -2.687032699584961
            }
        }
    ],
    "rock02": [
        {
            "scl": {
                "x": 1.0,
                "y": 1.0,
                "z": 1.0
            },
            "rot": {
                "x": 0.0,
                "y": 0.0,
                "z": 0.0
            },
            "pos": {
                "x": -27.420001983642579,
                "y": 1.2999999523162842,
                "z": -14.079999923706055
            }
        }
    ],
    "rock03": [
        {
            "scl": {
                "x": 1.0,
                "y": 1.0,
                "z": 1.0
            },
            "rot": {
                "x": 0.0,
                "y": 0.0,
                "z": 0.0
            },
            "pos": {
                "x": 22.694326400756837,
                "y": 1.2999999523162842,
                "z": -10.232307434082032
            }
        },
        {
            "scl": {
                "x": 1.0,
                "y": 1.0,
                "z": 1.0
            },